-- phpMyAdmin SQL Dump
-- version 5.0.4
-- https://www.phpmyadmin.net/
--
-- 主機： 127.0.0.1
-- 產生時間： 2021-05-21 22:37:16
-- 伺服器版本： 10.4.17-MariaDB
-- PHP 版本： 8.0.2

SET SQL_MODE = "NO_AUTO_VALUE_ON_ZERO";
START TRANSACTION;
SET time_zone = "+00:00";


/*!40101 SET @OLD_CHARACTER_SET_CLIENT=@@CHARACTER_SET_CLIENT */;
/*!40101 SET @OLD_CHARACTER_SET_RESULTS=@@CHARACTER_SET_RESULTS */;
/*!40101 SET @OLD_COLLATION_CONNECTION=@@COLLATION_CONNECTION */;
/*!40101 SET NAMES utf8mb4 */;

--
-- 資料庫： `mumu`
--
CREATE DATABASE IF NOT EXISTS `mumu` DEFAULT CHARACTER SET utf8 COLLATE utf8_general_ci;
USE `mumu`;

-- --------------------------------------------------------

--
-- 資料表結構 `activityband`
--

CREATE TABLE `activityband` (
  `activityBandId` int(11) NOT NULL,
  `activityId` int(11) NOT NULL,
  `bandId` int(11) NOT NULL
) ENGINE=InnoDB DEFAULT CHARSET=utf8;

--
-- 傾印資料表的資料 `activityband`
--

INSERT INTO `activityband` (`activityBandId`, `activityId`, `bandId`) VALUES
(1, 1, 1),
(2, 1, 2),
(3, 2, 3),
(6, 3, 1),
(7, 4, 3),
(8, 4, 2),
(9, 5, 4),
(10, 5, 2),
(11, 6, 3),
(12, 6, 5),
(13, 6, 7),
(14, 6, 8),
(15, 6, 9),
(16, 7, 8),
(17, 7, 3),
(18, 7, 4),
(19, 7, 6),
(20, 7, 8),
(21, 7, 9),
(22, 8, 1),
(23, 8, 2),
(24, 8, 4),
(25, 8, 6),
(28, 8, 9),
(29, 10, 3),
(30, 10, 5),
(31, 10, 6),
(32, 10, 7),
(33, 10, 9),
(34, 11, 1),
(35, 11, 3),
(36, 11, 4),
(37, 11, 6),
(38, 11, 7),
(39, 11, 9),
(40, 12, 2),
(41, 12, 3),
(42, 12, 4),
(43, 12, 5),
(44, 12, 7),
(45, 12, 9),
(54, 14, 6),
(55, 14, 9),
(56, 15, 6),
(57, 15, 9),
(58, 16, 6),
(59, 16, 9),
(60, 17, 4),
(61, 17, 6),
(62, 17, 9),
(63, 18, 6),
(64, 18, 9),
(65, 19, 6),
(66, 19, 9),
(67, 19, 6),
(68, 19, 9),
(69, 20, 6),
(70, 20, 9),
(71, 21, 3),
(72, 21, 5),
(73, 21, 6),
(74, 21, 8),
(75, 20, 1),
(76, 20, 2),
(77, 20, 4),
(78, 20, 5),
(79, 20, 8),
(80, 22, 1),
(81, 22, 2),
(82, 22, 4),
(83, 22, 5),
(84, 22, 8),
(85, 23, 1),
(86, 23, 2),
(87, 23, 3),
(88, 23, 4),
(89, 23, 5),
(90, 23, 8),
(91, 24, 1),
(92, 24, 2),
(93, 24, 3),
(94, 24, 4),
(95, 24, 5),
(96, 24, 6),
(97, 24, 8),
(98, 25, 1),
(99, 25, 2),
(100, 25, 3),
(101, 25, 5),
(102, 25, 8);

-- --------------------------------------------------------

--
-- 資料表結構 `activitydetails`
--

CREATE TABLE `activitydetails` (
  `activityDetailId` int(11) NOT NULL,
  `activityId` int(11) NOT NULL,
  `activityDate` datetime NOT NULL,
  `amount` int(11) NOT NULL
) ENGINE=InnoDB DEFAULT CHARSET=utf8;

--
-- 傾印資料表的資料 `activitydetails`
--

INSERT INTO `activitydetails` (`activityDetailId`, `activityId`, `activityDate`, `amount`) VALUES
(1, 1, '2020-07-17 16:00:00', 1000),
(2, 1, '2020-07-18 14:30:00', 1000),
(3, 2, '2021-06-12 19:30:00', 700),
(4, 2, '2021-06-13 23:00:00', 700),
(5, 3, '2021-07-10 16:00:00', 800),
(6, 3, '2021-07-11 16:00:00', 800),
(7, 4, '2021-06-26 23:00:00', 1500),
(8, 4, '2021-06-27 23:00:00', 1500),
(9, 5, '2021-06-05 16:00:00', 2000),
(10, 5, '2021-06-06 16:00:00', 2000),
(11, 6, '2021-09-04 16:00:00', 1600),
(12, 6, '2021-09-05 16:00:00', 1600),
(13, 7, '2021-08-07 12:00:00', 3000),
(14, 7, '2021-08-08 12:00:00', 3000),
(15, 8, '2021-07-10 19:00:00', 2000),
(16, 8, '2021-07-11 19:00:00', 2000),
(17, 9, '2021-06-19 16:00:00', 900),
(18, 9, '2021-06-20 16:00:00', 900),
(19, 10, '2021-07-03 12:00:00', 2200),
(20, 10, '2021-07-04 12:00:00', 2200),
(21, 11, '2021-08-14 10:00:00', 700),
(22, 11, '2021-08-15 10:00:00', 700),
(23, 12, '2021-12-26 13:30:00', 1500),
(24, 12, '2021-12-27 13:30:00', 1500),
(25, 13, '2021-10-16 10:30:00', 600),
(26, 13, '2021-10-17 10:30:00', 600),
(27, 18, '2021-10-16 10:30:00', 500),
(28, 19, '2021-10-23 10:30:00', 500),
(29, 19, '2021-10-23 10:30:00', 500),
(30, 19, '2021-10-23 10:30:00', 500),
(31, 20, '2021-10-16 10:30:00', 500),
(32, 20, '2021-10-17 10:30:00', 500),
(33, 21, '2021-07-10 16:00:00', 1000),
(34, 21, '2021-07-11 14:00:00', 1000),
(35, 20, '2021-07-10 16:00:00', 1000),
(36, 20, '2021-07-11 14:00:00', 1000),
(37, 22, '2021-07-10 16:00:00', 1000),
(38, 22, '2021-07-11 14:00:00', 1000),
(39, 23, '2021-07-10 16:00:00', 1000),
(40, 23, '2021-07-11 14:00:00', 1000),
(41, 24, '2021-07-10 16:00:00', 1000),
(42, 24, '2021-07-11 14:00:00', 1000),
(43, 25, '2021-07-10 16:00:00', 1000),
(44, 25, '2021-07-11 14:00:00', 1000);

-- --------------------------------------------------------

--
-- 資料表結構 `activityinfo`
--

CREATE TABLE `activityinfo` (
  `activityId` int(11) NOT NULL,
  `companyId` int(11) NOT NULL,
  `activityTitle` varchar(30) NOT NULL,
  `activityFile` varchar(30) NOT NULL,
  `activityContent` varchar(450) NOT NULL,
  `activityLocation` varchar(50) NOT NULL,
  `areaId` varchar(10) NOT NULL,
  `activityAddress` varchar(50) NOT NULL,
  `sellDate` datetime NOT NULL,
  `upDated` datetime NOT NULL,
  `ticketAmount` int(11) NOT NULL,
  `del` int(1) NOT NULL DEFAULT 0
) ENGINE=InnoDB DEFAULT CHARSET=utf8;

--
-- 傾印資料表的資料 `activityinfo`
--

INSERT INTO `activityinfo` (`activityId`, `companyId`, `activityTitle`, `activityFile`, `activityContent`, `activityLocation`, `areaId`, `activityAddress`, `sellDate`, `upDated`, `ticketAmount`, `del`) VALUES
(1, 5, '台北爵士音樂節', 'jazzFestival.jpg', '臺北市政府每年10月舉辦兩個周末間的爵士樂系列活動，內容包含露天音樂會、講座、青少年樂團培訓、樂團比賽、美食攤位及創意市集等。2003年為台中閃亮文化季下的活動之一；\r\n隨著參與人數逐年成長，2009年自文化季獨立舉辦，現已成為臺中熱門的節慶活動，每年吸引百萬人次參與。', '大安森林公園', '5', '新生南路二段1號', '2020-02-17 20:02:51', '2020-02-10 20:02:13', 1000, 0),
(2, 3, '赤聲躁動音樂祭', 'redSound.jpg', '赤聲躁動結合「音波」與「太空科技」研發出最新技術，透過萬物獨特的音波轉化為火箭動能。懷抱夢想的人類與夥伴們因此相聚台中，演奏音樂、驅動火箭，即將飛往未知的星球舞台。　\r\n\r\n今年暑假，我們選定「台中洲際小巨蛋」舉行音樂祭典來為火箭儲備能量。不怕夏季風雨和酷暑，提供室內穩定空調，號召全球生命力最強的樂迷們一起吹涼涼玩爽爽。　\r\n\r\n榨乾你百分之一百的精力，為樂團獻上呼聲！\r\n噴射出百分之兩百的音波，為火箭加強動力！\r\n明日之星即將飛向宇宙、浩瀚無敵！', '台中洲際棒球場', '18', '崇德路三段835號', '2021-05-07 20:24:34', '2021-05-01 20:24:31', 550, 0),
(3, 4, '大港開唱', 'magaPort.png', '大雄丸 丸長 柯家洋再次領航\r\n浪頭上的遊艇派對，隨著浪濤起伏的節奏，你的酒意與快樂也加倍\r\n\r\n大港會場限定豪華6組DJ\r\nNon Stop音浪海浪共冶一爐\r\n一小時遨遊壯闊高雄港灣\r\n你與DJ間咫尺距離無比狂熱\r\n\r\n大港傳奇海上派對舞台 大雄丸\r\n再次乘風破浪，壯闊港灣，強勢出航', '駁二藝術特區', '25', '濱江街5號', '2021-02-22 12:00:00', '2021-02-15 18:00:00', 1000, 0),
(4, 2, '貢寮國際海洋', 'ocean.png', '國內超強卡司包括重量級壓軸演出團體，\r\n頑童MJ116、三屆海洋大賞得主MATZKA&Di Hot、圖騰及BOXING組成的「原來如此」、吳青峰及麋先生、八三夭、老王樂隊、Tizzy Bac等知名表演團體，再加上來自日本、韓國、泰國、新加坡、印尼、馬來西亞、瑞士等7組跨國際獨立樂團，\r\n及最終十強對決爭奪海洋獨立音樂大賞。海祭三大舞台總共87組表演團，\r\n在這三天內將聯合狂熱搖滾演出，表演現場也將展出以音樂夢想為藍圖的天幕藝術裝置，讓樂迷們感受聽覺及視覺的雙重震撼。', '福隆海水浴場', '9', '福隆街42號', '2021-02-25 12:00:00', '2021-02-16 18:00:00', 2000, 0),
(5, 1, '所謂音樂祭', 'so_called.jpg', '繼 2019 年首度舉辦，第二屆 Soul Wave Fest 所謂音樂祭，即將在 4 月 24 日礁溪五峰旗風景區熱血開唱！今年所謂音樂祭加碼再升級，首度採用雙主舞台設計，在表演團體的部分更是星光熠熠，除了金曲樂團滅火器、美秀集團，更邀請到 YouTuber 反正我很閒、淺堤、百合花等 16 組知名藝人團體輪番上陣。\r\n第二屆所謂音樂祭以「在地印象」作為主軸核心，主視覺設計結合宜蘭知名的「龜山島」與礁溪五峰旗「抹茶山」、「瀑布」等元素，呈現出蘭陽平原獨具的山水風光。而今年首度規劃的雙舞台，在命名方面更是別具巧思，以宜蘭傳統神話「噶瑪蘭公主與龜將軍」的愛情故事作發想，將面向蘭陽平原的舞台取為「噶瑪蘭」；面對龜山島的舞台則稱作「龜將軍」，讓整個活動更富有在地特色。', '五峰旗風景區', '12', '中山路255號', '2021-03-01 12:00:00', '2021-02-19 12:50:53', 2500, 0),
(6, 4, '噪反未來', '131684227.jpg', '讓我們把時光倒回十年前，那個會聚集高中生在練習、表演的東門城，假如十年前踢編出生在新竹，可能也會在那裡練琴？   現在，你有機會回到未來，還能拿禮物！ 1/2(六)穿著高中制服參加東門城音樂祭，就有機會獲得限量紀念Ｔ。\r\n本次演出五大陣容包括，在音樂圈家喻戶曉的《呂士軒》、發跡於清大迴聲社的《回聲樂團》及《Triple Deer》、由新竹發跡的兩組樂團《你們你們》的主唱方竹與《青春大衛》的主唱大葳也曾多次參與東門城《滾滾爆竹》的演出，現今他們與鼓手貓一同組成《羅門》，還有回鄉在地深耕的客家樂團《黃子軒與山平快》。\r\n\r\n16:00-16:40 Triple Deer                      \r\n17:00-17:40 黄子軒與山平快                                                                 \r\n18:00-18:40 羅門                                        ', '東門城', '17', '300東門圓環', '2021-03-10 11:00:00', '2021-02-22 18:55:21', 2000, 0),
(7, 3, '2021浮現祭', '137603388.jpg', '浮現祭2021ー要山有山要海有海\r\n\r\n#一人逍遙清水\r\n\r\n自老街「十八坎仔」走起，遇見日治騎樓與傳統老商店。走進巷弄間，清水最老媽祖廟「壽天宮」佇立三百年。前往清水街，清水信仰中心「紫雲巖」香火鼎盛傳自雍正年。步上「清水神社後參道」，到訪「鰲峰山公園」，「牛罵頭文化遺址」帶你穿越三、四千年。\r\n\r\n#二人浪漫清沝\r\n\r\n米糕、炸粿、肉炸、肉包、百香果臭豆腐、芒果綠茶、手工麵線、板凳肉圓、圓仔湯、樹下阿婆粉圓、雪如剉冰、士官長擀麵．．．水水零錢包打開、褲頭解開、胃口大開。\r\n\r\n#三人打卡清淼\r\n\r\n「# 清水鬼洞」日治備戰坑道深入機槍堡遠眺高美海岸。「# 橋江藝廊」塗鴉藝術 、 「# 五福圳自行車道」酒紅色橋中橋，## 打卡聖地 ## 異軍突起。\r\n\r\n#四人稱霸清㵘\r\n\r\n午後聽團搖擺微醺，揪團直奔高美濕地。\r\n\r\n世界廣告取景勝地，天空之境經典必遊。\r\n\r\n夕陽入海越夜越美，重回浮現再戰一回。', '山海一線－台中清水高中', '3', '中山路90號', '2021-05-05 17:30:00', '2021-04-28 19:04:31', 1000, 0),
(8, 5, '2021浪人祭', '166020194.png', '2021浪人祭｜獵愛鯤鯓 疾走淨灘 ﾟ\r\n\r\n \r\n\r\n＃2021浪人祭 ＃獵愛鯤鯓 \r\n\r\n：安平純情金小姐，啊～等你入港銅鑼聲\r\n\r\n一首傳唱在全台民間的安平追想曲，敘述金小姐遭受愛人背叛的心酸坎坷，100年後的現在，同樣的安平，不一樣的選擇，承襲金家的堅定純情，化被動等待為主動獵愛，追尋自己所喜愛的人事物。\r\n\r\n \r\n\r\n＃打造你的浪人精神 ＃用你的方式做對社會好的事\r\n\r\n這一場音樂祭，要獻給在不同城市中，積極生活並付諸行動努力的浪人們，今年夏天一起暫時逃離瘋狂世界，用三天的時間在安平音樂派對中重建對生活的熱愛直至任督二脈。\r\n\r\n \r\n\r\n今年夏天，＃企劃力最強的海邊音樂祭\r\n\r\n保證好玩，保證好吃，保證浪漫，保證Chill\r\n\r\n \r\n\r\n獵愛，直到遇見所愛  Σ>―(〃°ω°〃)♡→', '台南安平遙控飛行場', '5', '台南市安平區洲安三街', '2021-05-10 20:43:33', '2021-04-30 15:06:29', 2000, 0),
(9, 5, '春浪音樂節．海線', 'aprilems5.jpeg', '台灣指標性原創音樂節品牌「春浪音樂節」今年邁入第十六周年，今年將在4月23日至4月25日展開全新年度升級版演出計劃「2021春浪音樂節．海線」。有別於以往在墾丁，此次春浪從最南端跨越至最北端，選在場地「半島秘境」盛大舉辦！活動結合免裝備豪華露營體驗以及流行音樂、電子音樂與世界音樂三種不同類型的聽覺饗宴，更搭上特邀精選美食市集以及場地的無敵海景，將為所有觀眾打造一場難忘又浪漫的音樂之旅', '白沙灣半島秘境', '1', '石門區下員坑15號', '2021-05-14 11:00:00', '2021-05-10 19:27:41', 1800, 0),
(10, 5, '有效期限音樂祭', 'roadUltraTaiwan.png', '【 有效期限音樂祭 】\r\n\r\n有憂有慮 - Too Fast To Live, Too Young To Die. 「有效期限」象徵著身為學生的時光。\r\n\r\n如同市售食品有「最佳風味期」，身為學生的期間，\r\n\r\n是大多人一生中最能勇於嘗試新事物的時光。\r\n\r\n \r\n\r\n我們希望透過 ──\r\n\r\n「有效期限音樂祭 Best Before Festival」，\r\n\r\n去探索該如何最大程度激發自身的「風味」；\r\n\r\n如何在最美味的時候珍藏這段青春。\r\n\r\n \r\n\r\n#有憂有慮\r\n\r\n我們都曾陷入情緒的渦旋中，\r\n\r\n有時易於消化，有時卻也難以撫平；\r\n\r\n即使如此，仍舊要把握當下，接受並包容這些情緒。\r\n\r\n那就讓我們隨著音樂的旋律起舞，\r\n\r\n讓它帶走一切悲傷。', '輔仁大學－風華廣場', '1', '中正路510號', '2021-05-18 20:42:53', '2021-05-07 20:02:14', 3000, 0),
(11, 2, '般若電司音樂祭', 'kktix__________large.jpg', 'P!SCO成軍十一週年特別企劃：辦一場音樂祭！\r\n\r\n『般若電司音樂祭= More Than Dance Festival』\r\n\r\n生日嘛，總是想要熱熱鬧鬧，那就把老朋友跟新朋友通通揪在一起來到P!SCO的小世界，我們邀請了超過好多組樂團與偶像，要一起在三創瘋狂派對！！不只是跳舞這麼簡單，歡笑與感動的淚水才是P!SCO最喜歡的愛哭包組合。\r\n\r\n', '台北三創 Clapper Studio', '1', '市民大道三段2號', '2021-05-19 12:00:00', '2021-04-09 20:07:57', 2000, 0),
(12, 3, '諸羅祭Jurassic Festival', 'aprilems8.jpeg', '領悟音樂 · 起來搖滾\r\n\r\n你各位聽團仔，準備好和愛團穿越回到諸羅城時代了嗎？Go！！！\r\n\r\n \r\n\r\n「諸羅」是嘉義的舊地名，是咱綻放青春的所在。\r\n\r\n為了改變校園演唱會的形式，以及提升嘉大的社團風氣，在2019年【諸羅祭Jurassic Festival】誕生了，並得到廣大的迴響與支持，所以2021年我們來了！\r\n\r\n我們全力打造一個大舞台，將嘉義出發的樂團，與在地的表演團隊，重新介紹給這片土地的鄉梓，也串聯了許多學生社團和來自各地的樂團，使形形色色的表演者可以嶄露頭角。\r\n\r\n \r\n\r\n你們知道...\r\n\r\n嘉義有三百年的歷史，可惜歷經了戰亂、地震、拆廟、盟軍轟炸等文化保存浩劫，變成一個沒有老街的古老小城，但卻有很多充滿故事的老屋座落在巷弄間，一個轉彎，處處都是驚喜。\r\n\r\n清朝時，諸羅城的四個城門各安祀著神明，就像村莊的東西南北營般的守護鄉梓，音樂就像要過護城河的橋樑，來到諸羅城，中營由城隍廟鎮守著，是人民的信仰中心，而我們期待【諸羅祭】成為桃城的音樂文化新信仰。\r\n\r\n史', '嘉義文化創意產業園區', '16', '中山路616號', '2021-05-16 16:06:59', '2020-07-09 20:14:29', 50, 0),
(25, 5, '草根音樂祭520~', '20210514-article_春浪.jpg', '這裡是南國 這是一個小小的派對\r\n少了一些都市的壓力 我們用自己的方式過生活\r\n享受星空 享受大海 也承受落山風\r\n今晚就是聽音樂 大口吃肉大口喝酒！\r\n『你有多久沒有赤腳踩在草地上？\r\n你有多久沒有盡情讓陽光灑落在肌膚上？\r\n有多久，我們沒能在車水馬龍的喧囂城市見上一面？\r\n還有多久，沒有這樣一個音樂祭我們可以好好\r\n看著彼此酒醉的模樣？　』\r\n『如果人生只有一次，請讓我在草根做回自己。』', '勤美廣場', '1', '公益路68號', '2021-07-01 08:00:00', '2021-05-14 13:54:16', 1000, 1);

-- --------------------------------------------------------

--
-- 資料表結構 `activityprice`
--

CREATE TABLE `activityprice` (
  `activityPriceId` int(11) NOT NULL,
  `activityId` int(11) NOT NULL,
  `categoryId` int(11) NOT NULL,
  `unitPrice` int(11) NOT NULL
) ENGINE=InnoDB DEFAULT CHARSET=utf8;

--
-- 傾印資料表的資料 `activityprice`
--

INSERT INTO `activityprice` (`activityPriceId`, `activityId`, `categoryId`, `unitPrice`) VALUES
(1, 1, 1, 1100),
(2, 1, 2, 2000),
(3, 2, 1, 800),
(4, 2, 2, 1500),
(5, 3, 1, 950),
(6, 3, 2, 1700),
(7, 4, 1, 1000),
(8, 4, 2, 1800),
(9, 5, 1, 900),
(10, 5, 2, 1700),
(11, 6, 1, 800),
(12, 6, 2, 1500),
(13, 7, 1, 1400),
(14, 7, 2, 2300),
(15, 8, 1, 1999),
(16, 8, 2, 3598),
(17, 9, 1, 1500),
(18, 9, 2, 2800),
(19, 10, 1, 550),
(20, 10, 2, 900),
(21, 11, 1, 650),
(22, 11, 2, 1100),
(23, 12, 1, 1300),
(24, 12, 2, 2300),
(25, 13, 1, 600),
(26, 13, 2, 1100),
(27, 19, 1, 600),
(28, 19, 2, 1100),
(29, 20, 1, 600),
(30, 20, 2, 1100),
(31, 21, 1, 900),
(32, 21, 2, 1700),
(33, 20, 1, 900),
(34, 20, 2, 1700),
(35, 22, 1, 900),
(36, 22, 2, 1700),
(37, 23, 1, 900),
(38, 23, 2, 1700),
(39, 24, 1, 900),
(40, 24, 2, 1702),
(41, 25, 1, 900),
(42, 25, 2, 1700);

-- --------------------------------------------------------

--
-- 資料表結構 `activityticketcategory`
--

CREATE TABLE `activityticketcategory` (
  `categoryId` int(11) NOT NULL,
  `type` varchar(15) NOT NULL
) ENGINE=InnoDB DEFAULT CHARSET=utf8;

--
-- 傾印資料表的資料 `activityticketcategory`
--

INSERT INTO `activityticketcategory` (`categoryId`, `type`) VALUES
(1, '單人票'),
(2, '雙人票');

-- --------------------------------------------------------

--
-- 資料表結構 `area`
--

CREATE TABLE `area` (
  `areaId` int(11) NOT NULL,
  `districtId` int(11) NOT NULL,
  `town` varchar(15) NOT NULL
) ENGINE=InnoDB DEFAULT CHARSET=utf8;

--
-- 傾印資料表的資料 `area`
--

INSERT INTO `area` (`areaId`, `districtId`, `town`) VALUES
(1, 2, '中正區'),
(2, 2, '大同區'),
(3, 2, '中山區'),
(4, 2, '松山區'),
(5, 2, '大安區'),
(6, 2, '萬華區'),
(7, 2, '信義區'),
(8, 2, '士林區'),
(9, 2, '北投區'),
(10, 2, '內湖區'),
(11, 2, '南港區'),
(12, 2, '文山區'),
(13, 8, '中區'),
(14, 8, '東區'),
(15, 8, '南區'),
(16, 8, '西區'),
(17, 8, '北區'),
(18, 8, '北屯區'),
(19, 8, '西屯區'),
(20, 8, '南屯區'),
(21, 8, '烏日區'),
(22, 8, '豐原區'),
(23, 8, '潭子區'),
(24, 15, '左營區'),
(25, 15, '三民區'),
(26, 15, '新興區'),
(27, 15, '苓雅區');

-- --------------------------------------------------------

--
-- 資料表結構 `articlecomment`
--

CREATE TABLE `articlecomment` (
  `articleCommentId` int(11) NOT NULL,
  `articleId` int(11) NOT NULL,
  `userId` int(11) NOT NULL,
  `commentContent` varchar(300) NOT NULL,
  `commentTime` datetime NOT NULL DEFAULT current_timestamp(),
  `commentDelete` int(11) NOT NULL DEFAULT 0
) ENGINE=InnoDB DEFAULT CHARSET=utf8;

--
-- 傾印資料表的資料 `articlecomment`
--

INSERT INTO `articlecomment` (`articleCommentId`, `articleId`, `userId`, `commentContent`, `commentTime`, `commentDelete`) VALUES
(1, 1, 3, '台中人的驕傲', '2021-04-20 16:23:16', 0),
(2, 1, 4, '不用收費能聽到這麼棒的表演，感覺還是很開心', '2021-04-20 14:23:33', 0),
(3, 3, 3, '很棒的分享', '2021-04-20 19:32:33', 0),
(4, 4, 4, '除了攤位太貴其他都很好', '2021-04-20 12:22:27', 0),
(5, 4, 1, '贊同太貴', '2021-04-20 16:34:21', 0),
(6, 3, 2, '這次的樂團好讚', '2021-04-23 13:31:21', 0),
(7, 2, 3, '謝謝您的分享', '2021-04-23 21:39:28', 0),
(8, 3, 1, '很讚的心得', '2021-04-24 19:45:27', 0),
(9, 3, 1, '明年好想去.....', '2021-04-24 19:47:45', 0),
(10, 2, 1, '太棒了', '2021-04-24 19:50:20', 0),
(11, 2, 1, '期待明年演出的樂團', '2021-04-24 19:52:01', 0),
(17, 1, 1, '好棒', '2021-04-26 09:23:50', 0),
(18, 1, 1, '好棒', '2021-04-26 09:24:01', 0),
(19, 2, 1, '身為台灣人  人生得參加一次大港開唱', '2021-04-26 11:05:21', 0),
(20, 9, 1, '原本很期待地說.....', '2021-04-26 13:01:44', 0),
(21, 9, 1, 'oh no', '2021-04-26 13:27:13', 0),
(22, 9, 1, '希望明年可以更好', '2021-04-26 13:38:51', 0),
(23, 6, 1, '接駁車真的超級扯.....', '2021-04-26 14:44:40', 0),
(24, 6, 1, '我也等接駁車等超久!!', '2021-04-26 14:46:15', 0),
(25, 6, 1, '以後我不要再參加是第一屆的音樂祭活動了', '2021-04-26 14:48:18', 0),
(29, 2, 1, '身為台灣人我驕傲', '2021-04-29 14:17:42', 0),
(30, 3, 1, '謝謝分享', '2021-05-04 21:40:46', 0),
(31, 3, 1, '謝謝', '2021-05-04 21:48:29', 0),
(32, 2, 1, '謝謝', '2021-05-05 09:29:20', 0),
(33, 3, 1, '好像參加', '2021-05-05 10:00:51', 0),
(34, 6, 1, '讚喔!', '2021-05-06 11:01:05', 0),
(35, 6, 1, '讚2', '2021-05-06 11:06:48', 0),
(36, 6, 1, '123', '2021-05-06 11:10:03', 0),
(37, 6, 1, '', '2021-05-06 11:10:25', 0),
(38, 7, 1, '謝謝你的分享', '2021-05-11 14:50:03', 0),
(39, 12, 1, '春浪超棒', '2021-05-11 15:58:56', 0),
(40, 12, 1, '謝謝分享', '2021-05-11 17:09:44', 0),
(43, 10, 1, '明年好想去.....', '2021-05-14 11:22:34', 0),
(44, 10, 1, '明年好想去2.....', '2021-05-14 13:50:10', 0);

-- --------------------------------------------------------

--
-- 資料表結構 `articleinfo`
--

CREATE TABLE `articleinfo` (
  `articleId` int(11) NOT NULL,
  `userId` int(11) NOT NULL,
  `articleTitle` varchar(100) NOT NULL,
  `articleContent` varchar(5000) NOT NULL,
  `articleTime` date NOT NULL,
  `articleFile` varchar(30) NOT NULL,
  `articleDelete` int(11) NOT NULL DEFAULT 0
) ENGINE=InnoDB DEFAULT CHARSET=utf8;

--
-- 傾印資料表的資料 `articleinfo`
--

INSERT INTO `articleinfo` (`articleId`, `userId`, `articleTitle`, `articleContent`, `articleTime`, `articleFile`, `articleDelete`) VALUES
(1, 1, '2019台中爵士音樂節初體驗', '這幾年爵士音樂節搞得很像野餐喝酒節，但認真挑選節目的話，還是有很棒值得來聽的表演。\n\n像是今日主舞台的兩個表演團體，台灣鼓王黃瑞豐的樂團，和來自日本的東京中央線。\n\n  黃瑞豐在爵士樂界成名已久，雖然平常我大多聽搖滾和金屬，爵士較少涉獵，但以前常看黃瑞豐影片，今天現場看到還是覺得超強，複雜拍子打得輕鬆寫意，拍點精準；輕重音的表現更是富含生命力的律動。\n\n  東京中央線是由吉他手大竹研（Ken Ohtake）、貝斯手早川徹（Toru Hayakawa）和鼓手福島紀明（Noriaki Fukushima）組成。從生祥樂隊和大竹研、早川徹合作開始，就很喜歡大竹研的吉他，很   難不被他細膩充滿grooving的彈奏手法吸引。之前很棒的國片「大佛普拉斯」主題曲「有無」mv裡就可以看到他們精彩的合作。\n\n  雖然觀眾素質大多數仍然不敢恭維，但是不用收費能聽到這麼棒的表演，感覺還是很開心。', '2020-05-28', '20200605-jazz.jpg', 0),
(2, 1, '大港開唱2019', '2019大港開唱結束了 但是呢 這兩天真的超級超級超級（硬要講三次）值得。\n\n今年居然搭了個橋 讓大家能夠到對岸 也就是南霸天的舞台聽歌 真的超級厲害！ 可是走起來很像在走彈簧床，只不過不會跳起來XD 依然有能在屋頂聽歌的出頭天 冷氣音效很好的海龍王 離其他表演場所算遠的卡魔麥 還有戶外免費舞台 海波浪 去過的人可能會問說 你怎麼沒提藍寶石 啊.就我沒進去 今年大港開唱最扼腕的就是沒有買到風衣啦！！ 好啦我廢話不多說 來跟大家分享我看的團 ---------------------- 3/25 地點：南霸天 表演者：拍謝少年 時間：12:20-13:00 是說那個時間點花媽好像有來南霸天的樣子（聽說啦） 抱歉我拍得不好\n\n我第一次聽這團，但是啊，真的好好聽 不知道有沒有喜歡拍謝少年的人可以推薦幾首 \n\n旺福的歌都超級洗腦超好記 聽起來很好笑又有點鬧事 很喜歡他們但今天是第一次看他們現場 小民真的超級鬧事 跑步進場 還有他的腿好白欸（完全放錯重點） 我依稀記得的歌單： 我下流、阿妞哈細腰 其他的我忘記了啦\n\n不知道大家有沒有看過電影 52hz 我愛你 他在電影裡面唱了幾首歌 我最喜歡的是十年 在youtube 查得到喔 就是聽了覺得很舒服然後就不知不覺會哼出來 很可愛的歌 後來因為我要趕場就先離開 沒有唱完我就逃跑了 印象記得很深的是 他說 他還是待嫁女兒（因為他是阿美族，是母系社會）然後他喝了兩手啤酒 有點ㄎㄧㄤ 我覺得他真的超級討喜 不管是唱歌還是演戲還是講話\n\n大家知道棉花糖嗎？她就是裡面那個女孩 不過棉花糖休團了 ，她現在一個人繼續做音樂 當天她身體狀況不是很好 我也是認識她好多年了 看她病懨懨的好心疼 她最近出了新專輯-星之所向 整張都好好聽！ 有興趣的可以去聽看看啦 她是個很溫暖的人 身體小小的但能量像是用不完一樣。\n', '2020-06-28', '20200805-port.png', 0),
(3, 2, '貢寮海洋音樂小小心得', ' 已經邁入第13年的貢寮國際海洋音樂祭，今年覺得青春越來越「洋溢」，清涼泳裝的辣妹們較往年多，他們盡情享受青春。\r\n\r\n從這裡的年輕人身上能看到新世代一股新興的後浪，不只是福隆海水浴場的花浪。\r\n\r\n也許越有年紀後，對部份獨立樂團歌手唱的歌曲越來越有距離感，因此今年最多只上福隆沙灘的彩虹橋遠望主舞台，後又折返小舞台。\r\n\r\n印象比較深的是一個木吉他重奏雙人組：woody woody。\r\n演奏吉他而言，在台灣fingerstyle這類的演奏者盧家宏算是台灣比較知名年輕演奏家，婚前還在網路上查閱到盧家宏相關資料，厚臉皮的伊妹兒先詢問是否能去他的門下學一陣子，他首肯後每星期跑到他家中單獨學了半年，我們婚宴時也邀請盧家宏在會場演奏。\r\n貢寮國際海洋音樂祭的表演還是以獨立樂團當道，我本無預期在福隆沙灘會聽到這種輕音樂型態。\r\n因此聽到雙吉他演奏、沒有人唱歌的表演型態、有草地可躺、不用走對彩虹橋對面面對沙塵暴，在這種種條件下聽音樂還蠻吸引人的。\r\n\r\n周杰倫口中常說的「很屌」，是有種炫酷流行、衝撞傳統的感覺。\r\n不過有時候形容「屌」，不見得是喧鬧，也不是標榜自我，在海洋音樂祭能聽到緩慢、輕鬆、生活、舒適的音樂聲，某種程度也是「挺屌」的表演型態。\r\n彩虹橋上遠眺主舞台，除了音樂瀰漫，也有沙霧瀰漫的感覺～\r\n\r\n雖然小舞台沒有主舞台「熱血」，不過在雙吉他當背景音樂下，和朋友相聚、情人相依、或自己一個人躺在草地上望著徹澄的星空（就像照片上的仁兄），偶爾起身坐起來，看著對岸主舞台的聲光倒影在海畔，這種easy的感受是埋藏在海洋音樂祭活動價值後的一種小感動吧。\r\n不管你是不是搖滾樂團的愛好者，貢寮福隆沙灘特別適合想免費沙浴的人、適合喜歡玩水的青少年、適合戀愛中的男女、適合一家大小親子同樂，貢寮福隆的海浪不大，但可預期歡樂氣息將溢滿整個沙灘。\r\n\r\n不管節目有重搖滾風、輕搖滾風、卡卡風、爵士風等曲調，永遠比不上海灘上的最主要基調：這是屬於他們這個世代的「青春舞曲」。', '2020-06-30', '20200630-music.jpeg', 0),
(4, 4, 'ROAD TO ULTRA讚讚', '想要紀錄一下自己第一次參加RTU\r\n\r\n首先當然就是排隊，我真的排超級久的 11:30到開始排差不多14:00才進入會場\r\n\r\n當然先換U幣 買了RED BULL  2U\r\n再來就是去買在臉書上看到的行動電源  4U\r\n真的美到不行，超級有質感的 (不過我還沒有充過電，不太清楚它到底可以充多久) 之後買了水  1U\r\n\r\n就要進會場等SLUSHII\r\n\r\n現場的魅力值真的暴增\r\n\r\n最後是THE CHAINSMOKERS\r\n現場唱真的好聽到爆炸，很感動他們來台灣的第一場我跟到了我沒有說的很仔細，也沒有放很高畫質的照片跟影片。 但是就是想記錄這一次難得的經驗， 也有去的朋友也可以跟我說~~~~~~~~ 我真的到現在還處在很嗨的狀態哈哈哈\r\n\r\n整天跟朋友在那邊 right right right right right right right~~~~~ left left left left left left left ~~~~~~', '2020-07-10', '20210106-road.jpg', 0),
(5, 5, '赤生躁動音樂祭', '我個人是參加昨天的 說好的赤生躁動節 不過玩水跟聽演唱會變成分開兩件事 \r\n\r\n看別人照片前一週舞台前明明就有放水 昨天變成只有後面一小區有 \r\n\r\n\r\n\r\n進場時間延後沒有任何人來說明 跟大家說1:30才可以進場 結果在那裡乾等到2點才放人 \r\n\r\n有人反應但只被告知他們也是剛知道要延後 工作人員就是被推出來當炮灰 安檢要求每個人開包包還要翻給他看 不給帶任何液體連眼藥水都被要求丟掉 也沒有給寄物的地方 食物也不能帶 \r\n\r\n\r\n\r\n但是活動總長7個小時 現場只有一攤貴死人炸雞 擺明要你餓到當盤子 舞台效果還是很不錯啦 視覺上聽覺上檔次都很高 活動發想本身是有趣的 \r\n\r\n但是整個活動設計不是很好 感覺像是票沒賣完乾脆能省則省 只希望主辦明年要辦的話 再好好規劃了', '2020-07-10', '20210423-wakeup.jpg', 0),
(6, 5, '不推:覺醒音樂祭', '這次期待超久的美秀樂團 因為主辦單位的接駁車時間沒有掌控好 而錯過前半段的表演\r\n\r\n超級超級失落........不確定之後主辦單位會不會有一些說明\r\n\r\n期待明年的安排能夠更妥善', '2020-07-16', '2019611-覺醒音樂祭.jpg', 0),
(7, 2, '2020覺醒音樂祭三天心得與反思', '第一次參加覺醒音樂祭，以下為個人心得感想\r\n看圖順序心得在下方不嫌文長再看下去吧～\r\n\r\n最近陸陸續續看了海湧祭、政大/台大/亞東音樂節\r\n六月才決定要為覺醒堅強樂團陣容南下衝一波\r\n但整體感受，看完是帶著不滿的心情\r\n第三天最後有一種 :\r\n\"我不要跟你玩了、我真的受夠了、我要上靠北威卡上面告老師\" 的心情\r\n離場\r\n\r\n各板上都有人打很多需要改進的地方，我也很認同\r\n但我在反思下次參加此類的大型音樂祭意願性\r\n\r\n我也懂樂團渴望更大的舞台，想要更多人聽見自己的音樂\r\n但這次覺醒我是沒有好好完整去聽任何一個陌生的新團\r\n\r\n音樂祭對我來說以看愛團為主，但聽有興趣的新團也是重點\r\n諾大的場地，爆量的觀眾降低我跑場的意願\r\n哪三天我很難為了還沒聽熟的陌生團，有動力跨過中間洞洞噴屎區去遙遠的場地\r\n\r\n十週年陣仗真的很大，但反而缺少了悠閒感 （chill 不起來?)\r\n相較於小型的音樂祭，覺醒增加了許多舞台與觀眾距離\r\n在射日/眠月舞台變得很像在看主流偶像的演唱會\r\n少了與樂團的互動感，多了距離跟制式化\r\n（個人想法，可能我看得音樂祭少，歡迎留言討論)\r\n\r\n在這次五五身山丘舞台是我玩最快樂的一場\r\n舒適的環境、無敵的鋼鐵五粉配上苦民所苦的庶民民謠\r\n當下會有跟樂團融合在一起滿滿的共鳴感\r\n這是與偶像制式化的演唱會不同，令我深深難以忘懷的音樂祭魅力\r\n但接著跑回射日看愛團美秀樂團，又被場地跟意外打回......\r\n\r\n————————————\r\nDay1\r\n董事長 ft.黃鐙輝 > 激膚 >Trash > hello nico >草東沒有派對\r\n\r\n雖然草東在台灣表演的場數越來越少，但草動現場音樂一下\r\n魅力就擺在那邊，依舊炸翻天！！\r\n能讓人完全忘記腳下的爛泥不顧一切的跳起來\r\n\r\n————————————\r\nDay2\r\nLeo王 > 美秀x老王訪談 >隨性 >老王樂隊 >五五身 >美秀集團 > 血肉果汁機 > 陳珊妮>Deca joins >閃靈 >美秀集團\r\n\r\nLeo王\r\n提早來卡位聽新科金曲歌王\r\n現場更能感受到 Leo王的表演魅力，完全就是為了舞台而生的男人\r\n看完更覺得這獎給的沒毛病，佑佑像極了一個人體樂器\r\n可歌可繞的Leo王，讓人能從他的饒舌中感受到生活景象\r\n\r\n———\r\n美秀x老王訪談\r\n這類節目希望可以再多點或是時間拉長\r\n前十五分鐘流水帳一下，後面開放觀眾問芭樂問題，但沒叫到我QQ\r\n有人問狗伯會不會拿著炫砲打x槍\r\n狗：不會欸\r\n\r\n———\r\n隨性\r\n隨性是上次看爛泥發芽後就深深愛上的團\r\n卓杯無限的能量跟一整個龐克，更不能不提蛋糕著名的幹譙觀眾\r\n好喜歡在音樂祭被蛋糕罵哦<3\r\n蛋糕：有沒有去買隨性的毛巾啊～\r\n： 沒有～～～\r\n蛋糕： 為什麼！！！來這邊都是要消費的，沒錢的請你離開！!\r\n\r\n———\r\n老王樂隊\r\n愛團之一，但站累了到後面的鷹架下休息邊聽\r\n我真的很喜歡老王的安久，但聽完這首就趕去五五身\r\n沒全部聽完，抱歉老王 (佳瑩原諒我><)\r\n\r\n———\r\n五五身\r\n鋼鐵五粉前來報到，山丘舞台的草坪是我很能接受的類型\r\n是硬的而且沒有惡臭，撞團茄子蛋，但身為鋼鐵五粉肯定是聽五五身\r\n在唱尋找山神的時候，配當下風景與意境真的很美很好玩\r\n演出到一半的時候下起大雨，但庶民民謠要苦民所苦一起淋雨囉～\r\n專場票通通給我買起來啊！！\r\n在演出完的跟著大家一起唱著浪子回頭走回射日XDD\r\n\r\n———\r\n美秀集團\r\n主場嘉義的美秀，身為腦粉的我當下太High，已經忘了有唱什麼歌\r\n而且大家也知道的，唱到新歌時就暴雨並中止演出\r\n這邊主辦真的沒人出來說明，真的很令人生氣\r\n大家在原地唱捲菸跟擋一根苦苦等待著\r\n直到最後修齊拿小音箱出來解釋（雖然還是聽不太到）\r\n由表演者出來勸退，身為腦粉看的真很莫名心酸\r\n\r\n———\r\nDeca joins\r\n\r\n在美秀被中斷後原先排的團序計畫都被打亂，\r\nDeca joins現場還沒看過，就先去卡位\r\n這次表演多了打擊跟keybord的編制，雖然眠月的惡臭是如此難聞\r\n但台灣六傑之一的Deca joins音樂一下就可以一起chill著上了天堂\r\n\r\n———\r\n美秀集團 again\r\n整天下來真的是非常疲倦而且又要回射日，無力往前卡位\r\n最後閃靈跟美秀我都是在旁邊看大螢幕\r\n補演了三首歌包含一首新歌，\r\n新歌很港式魔性融合了不少曲風\r\n\r\n————————————\r\nDay3\r\n無妄合作社 > 傷心欲絕 > 外圍告五人 >神棍\r\n\r\n無妄合作社\r\n無妄也是最近的愛團，有演出訊息都會手刀買票\r\n這次在大太陽底下，一起跟雞哥老師爽唱烈～陽～高掛～\r\n但眠月中間的土真的太黏太臭，讓我直覺就不想下去一起撞跟玩\r\n（第三天晚上還要坐車北回，不想全身臭）\r\n\r\n———\r\n傷心欲絕\r\n傷心欲絕真的是越聽越愛，跟專場一樣用\"也許我見不到你了\"開場\r\n這首真的無敵，用最直白不矯情的情緒猛甩內心最軟的一塊\r\n雖然我看網路上很多人在靠腰高麗菜嘔吐哥，但旁邊丟三角錐的人更可惡\r\n我是覺得高麗菜沒丟到台上以外都算蠻安全跟環保的啦（我不認識他本人）\r\n\r\n———\r\n告五人\r\n告五人我是在美食街邊吃邊看的，下午了但太陽還是很大\r\n真的很佩服在射日裡面苦苦等待的告迷，\r\n\"要不要吃哈密瓜\"音樂一下就讓人忘記剛剛等待的煩躁\r\n其實樂迷真的很好操控，音樂準時下下去，場地爛依舊奮力的跳起來\r\n\r\n———\r\n神棍樂團\r\n神棍也是完全要看現場表演的\r\n雖然很多樂團都有跟中式樂器做搭配的作品\r\n但神棍是我覺得真的有以中式樂器為主軸表演的\r\n嗩吶solo吹起來，帥到一個不要不要，這絕對是神棍獨有的style\r\n\r\n\r\n———\r\n還是要感謝現場主辦與工作人員，樂手，樂迷\r\n感謝收看\r\n', '2020-07-17', '20200717-wakeup.jpg', 0),
(8, 3, '山屋祭值得再去', '這次演出團體有許哲珮和旺福樂團的瑪靡、推機，沒想到蘇有朋也隱身欣賞許哲珮唱歌，還拍下她唱歌模樣在社群發限時動態並標記她，看到他們超興奮的!\n\n被封為精靈歌手的許哲珮，療癒的歌聲果然不是蓋的，當下決定演唱《My little secret》，另外也臨時決定選唱人生中第一首歌《氣球》，她覺得很有意義，我也很喜歡。今年是《氣球》推出20週年，\n\n她表演時談到，主辦人的阿嬤就是原住民的女巫，除了音樂演出，現場也有一些占卜的攤位，還有生火儀式祈福。\n\n\n\n表演結束後，也在雷沙達岜斯露營區過一晚，\n山上空氣新鮮，隔天再到附近的步道走走，很是愜意!\n', '2021-04-25', '2021425-山屋祭.jpg', 0),
(9, 4, '不期待沒傷害的山海屯', '對我來說，山海屯是在台灣難得以英語系國家重型樂團為主的活動。綜觀各種音樂節，這個音樂祭是我第一個從第一屆到現在年年參與的活動。\n\n比去過去，我認為在個人情緒與喜好方面，放大檢視了這一次的山海屯搖滾祭，讓我有種「山海屯今年似乎又比去年更加精簡了？」準確來說去年開始就轉而十分精簡。\n\n一些流水帳紀錄\n這次蠻多樂團都是，既然花錢就加減看一下的想法去看看。如果不挖一下不知道的團，今年真的太多團都不熟悉，尤其是日本團完全不是我的菜也不是我的領域。\n\n整場表演下，我原來設定 With Confidence 是我第一個目標，他們太有這兩年 Warped Tour 小舞台的味道。雖然前面廢話一堆，還是要看個 Mayday Parade，畢竟還是有一兩首回憶模式大開。接著難得被東南亞樂團圈粉，Windrunner 也是我一個目標。就這樣，另外還有一些似乎不錯感覺能去看看，以及抱著只是加減看的心情過去現場的樂團。', '2021-03-12', '2021425-山海屯.jpg', 0),
(10, 5, '火球祭:明年一定再見', '火球祭是滅火器主辦的音樂祭\n今年第二屆\n第一屆辦在高雄  賠了八百萬......\n這次改辦在桃園棒球場\n\n\n\n主唱楊大正在呱吉的直播上說\n希望辦成一個能讓樂手和樂迷都感覺到「被照顧」的音樂祭\n我必須說，這點真的非常成功\n這真的是我參加過最舒服的音樂祭！\n\n\n\n\n原因我想主要是場地硬體設施\n棒球場本身的設計就是為了容納大量觀眾\n所以廁所非常足夠\n這是我第一次有這麼多這麼乾淨甚至還有衛生紙的廁所可以上～～～\n動線也很好\n球場本身的食物攤位好吃又適合邊走邊吃\n而開放看台更是讓看團品質大大提升\n以往只能在硬硬的地板上席地而坐\n我都不知道有椅子坐是這麼的舒服~\n可以吹著微風\n一邊吃東西一邊看團一邊休息\n視野跟音場又非常棒\n真的是非常享受啊～！\n\n\n入場手環上有悠遊卡晶片也是一項創舉\n顯然滅火器是想省下樂迷買食物時找錢的時間\n畢竟音樂祭時食物攤總是大排長龍～\n對我來說食物可以刷卡相當方便XDD\n\n\n\nLine Up的部分總是很看個人胃口\n我個人是非常滿意啦\n甚至我第一天中午要去台中喝喜酒\n還是願意買雙日票\n只要能看到ELLEGARDEN跟閃靈就覺得值得了\n我想要稱讚極限賀爾蒙突然不能來時主辦單位提供全額退票\n雖然我並不知道這是不是音樂祭的通例\n但我覺得十分貼心\n\n\n\n要說缺點的話\n公布的場地圖有點讓人搞不清楚什麼東西到底在一樓還是二樓\n像我一直以為「粗殘的桃子馬」旋轉木馬在一樓\n最後沒有時間坐真是太可惜了QQ\n預購滅火器跟鄭宜農的攤位也很難找\n不過沒想到竟然還有撐香港的連儂牆！\n\n圖像裡可能有1 人、在舞台上和站立\n\n未提供相片說明。\n\n\n大概就是這樣\n沒能看到第一天的滅火器有點可惜\n但我想本屆樂迷的滿意程度\n是會直接表現在表演時的反應上的\n像是第二天NAMBA 69竟然可以開death wall\n我是第一次在主舞台看到能從舞台分到音控台的紅海\n還有第二天的滅火器\n竟然在這麼後面的地方也能開圈\n還開了兩個圈然後融合在一起\n連長途夜車也開圈XDDDDD\n無名英雄  雙城記給我滿滿的正能量\n這次火球祭的許多美好回憶我會一直收藏在心中\n謝謝滅火器\n謝謝所有辛苦的工作人員\n期待下次再見～', '2021-03-25', '2021425-火球祭.jpg', 0),
(11, 2, '我的第一次獻給所謂音樂祭', '所謂音樂祭，一群佛光大學生辦的音樂祭。\r\n\r\n踩著爛泥 穿著雨衣 下著蟲雨 熱情不熄 不管天氣怎樣，旁人怎樣，我，無所謂。\r\n\r\n「無妄合作社」-讓他們開場真是開對了！\r\n一開場大家就開始撞  可惜本人覺得體力不像以前好就迴避了XD\r\n原來無妄的歌比想像中多人會唱很開心\r\n（美秀的修齊還在臺下跟他們互嗆超好笑\r\n\r\n「餵飽豬」-讓我感受了滿滿力量的樂團\r\n以前對他們並不是很熟悉  但聽了幾首覺得現場氣氛很棒！\r\n\r\n「傷心欲絕」-近來也蠻熱絡的團 但因為中途去接朋友所以只聽到一首QQ\r\n\r\n「vast & hazy」-迷幻系樂團（？\r\n一直以來都認為主唱實力超強  只是私心一直關注鼓手小潘今天打得超帥XD\r\n\r\n「忒修斯」-一個我以前一直唸錯名字的樂團\r\n今天忒修斯真的讓我大開眼界   尤其今天的鼓手真的太帥啦！\r\n衣服袖子一長一短的鼓棒一直卡在裏面\r\n但完全沒有ㄌㄚˋ拍，厲害！！\r\n\r\n「先知瑪麗」-其實Mary今天都聽不太到\r\n主唱跟吉他聲音感覺被吃掉@@  不過星夜大家一起合唱還是很感動的\r\n\r\n「原子邦尼」-hashtag#下蟲雨\r\n他們一出場真的太多蟲啦\r\n雖然場地在山裡白天空氣很棒\r\n但晚上真的超多蟲啊啊啊啊\r\n每個人的雨衣上面都是蟲XD\r\n邦尼也是讓我開了眼界把氣氛炒起來了\r\n原本想說卡個位結果根本超嗨的我的天\r\n\r\n「美秀」-這應該是大家的重頭戲之一\r\n炫炮、後山的草、修齊、小老婆\r\n一些美秀專屬的常見詞彙今天都完美呈現\r\n一開場就電火王真的超嗨  然後修齊不是說沒時間還一直talking哈哈\r\n擋一根、捲菸、細小的目啾\r\n美秀應該真的把晚上氣氛帶到最高潮了  聽完美秀我已經沙啞了QQ\r\n\r\n「滅火器」-壓軸登場\r\n不需要說明了，台灣魂。\r\n聽完每一首都很感動，應該很多人都是為了他們而來的。\r\n大正問了一句，你們都來自哪裡  很多人包括我一起喊著\r\n「我們都來自台灣。」\r\n\r\n謝謝所謂音樂祭\r\n謝謝你們給我一個充實的一天\r\n希望以後還能有這麼好的音樂祭\r\n持續下去！！\r\n', '2021-04-01', '2021425-所謂音樂祭.jpg', 0),
(59, 1, '2019春浪音樂節!', '喔 難得在我這邊看到台灣的消息XD\n今年的墾丁春天音樂季又即將開始囉\n看到春浪音樂節的演出名單讓我很心動啊\n五月天、FIR飛兒、蘇打綠、強辯樂團、海洋樂團、張震嶽&free9、陳綺貞、蔡健雅.....\n時間是4/4.5兩天 也就是春假期間耶\n\n是先在五版上看到消息的\n很想去啊 總覺得大學生就要去一次\n不是說大四要放肆的玩嗎(誰說的?)\n所以很想趁最後的半年大玩特玩啊\n還沒去過墾丁音樂季 我想以後應該也沒機會去了吧~\n\n不過這樣門票+交通算一算\n嗯...很驚人的費用啊~\n雖然有看到比較便宜的學生方案\n但加一加也要2000\n再加上其他哩哩摳摳的.......\n很怕沒人要陪我去了.....\n\n總之呢\n等節目單出來再看看要去哪一天\n如果五月天和蘇打綠是同一天就好了\n這樣有屏陪我去的機率就會比較大XD1', '2021-05-14', '20210514-無限自由.jpg', 0);

-- --------------------------------------------------------

--
-- 資料表結構 `articlephoto`
--

CREATE TABLE `articlephoto` (
  `articlePhotoID` int(11) NOT NULL,
  `articleID` int(11) NOT NULL,
  `articlePhotoFile` varchar(15) DEFAULT NULL
) ENGINE=InnoDB DEFAULT CHARSET=utf8;

-- --------------------------------------------------------

--
-- 資料表結構 `bandalbum`
--

CREATE TABLE `bandalbum` (
  `albumId` int(11) NOT NULL,
  `bandId` int(11) NOT NULL,
  `albumName` varchar(40) NOT NULL,
  `albumDate` date NOT NULL,
  `albumFile` varchar(30) DEFAULT 'emptyAlbum.png',
  `albumIntro` varchar(900) NOT NULL
) ENGINE=InnoDB DEFAULT CHARSET=utf8;

--
-- 傾印資料表的資料 `bandalbum`
--

INSERT INTO `bandalbum` (`albumId`, `bandId`, `albumName`, `albumDate`, `albumFile`, `albumIntro`) VALUES
(1, 1, '迷霧之子', '2017-10-06', 'album1.png', '迷你專輯《迷霧之子》，是告五人想唱出每個人都會經歷過的狀態。主打同名歌曲《迷霧之子》，就是一首關於「回憶」的歌。「回憶」本身，像是一種能量的集合體，承載的情緒千變萬化。最令我們印象深刻的，那些遺憾如同缺口，在我們身邊徘徊著，而回憶是因缺口才珍貴。'),
(2, 1, '披星戴月的想你', '2018-10-30', 'album3.png', '在日復一日的生活裡，\r\n日子重複、工作重複、吃飯重複，思念也不斷不斷重複著。\r\n然而，這一切的想望，仍然沒有成為真實，\r\n只化作一句無以名狀卻深切的，我會—— 披星戴月的想你，\r\n永遠，放在心底。'),
(3, 1, '我肯定在幾百年前說過愛你', '2019-06-14', 'album4.png', '告五人首張專輯《我肯定在幾百年前就說過愛你》探討愛的本質，描寫關於愛的不同切面，從生活經驗裡，寫下關於愛的蛛絲馬跡。什麼是愛呢？其實我們也無法真正回答愛是什麼，仍常在愛裡迷失，但也在邊迷路邊尋找答案的過程，沿途找到散落在各地的自己。'),
(4, 1, '帶我去找夜生活', '2019-12-14', 'album5.png', '眼神的接觸是如此絕對，若你就是一切，我決定守住偏執的意念。在夜幕低垂的片刻，一起去尋覓，屬於我們的夜和生活。告五人 全新單曲《帶你去找夜生活》將眾人的夜擰乾，放逐每一種生活，義無反顧。日子重複、工作重複、吃飯重複，思念也不斷不斷重複著。這一切的想望!'),
(5, 2, 'Sound Check', '2018-09-06', 'album21.png', '美秀集團⾸張作品《Sound Check》獨立發⾏。\r\n「Sound Check」⼀詞，指樂團正式表演前的試⾳，圍繞著「半成品」、「實驗」的主題發展。\r\n收錄美秀集團最初的五⾸歌，捕捉美秀集團最初的模樣與聲響'),
(6, 1, '披星戴月的想你 (電視版) ', '2019-12-17', 'album6.png', '告五人以〈披星戴月的想你〉化作對「告別」這個生命課題的一聲試探，廣受歡迎，該曲Demo版本更創下YouTube超過700萬次點閱的紀錄。日子重複、工作重複、吃飯重複，思念也不斷不斷重複著。然而，這一切的想望，仍然沒有成為真實，'),
(7, 1, '帶我去找夜生活', '2019-12-14', 'album7.png', '眼神的接觸是如此絕對，若你就是一切，我決定守住偏執的意念。在夜幕低垂的片刻，一起去尋覓，屬於我們的夜和生活。告五人 全新單曲《帶你去找夜生活》將眾人的夜擰乾，放逐每一種生活，義無反顧。日子重複、工作重複、吃飯重複，思念也不斷不斷重複著。這一切的想望!'),
(8, 1, '披星戴月的想你', '2019-12-17', 'album8.png', '告五人以〈披星戴月的想你〉化作對「告別」這個生命課題的一聲試探，廣受歡迎，該曲Demo版本更創下YouTube超過700萬次點閱的紀錄。日子重複、工作重複、吃飯重複，思念也不斷不斷重複著。然而，這一切的想望，仍然沒有成為真實，'),
(9, 1, '說我愛你的一百種方式', '2019-06-14', 'album9.png', '《與少年他》音樂合輯。想傳給你的訊息，打了又打、刪了又刪；只化作一句無以名狀卻深切的，我會—— 披星戴月的想你，\r\n永遠，放在心底。在腦海裡排練過無數遍，若再次相遇，該如何開口說聲好久不見。'),
(10, 1, '新世界', '2020-08-19', 'album10.png', '〈新世界〉歌曲內容用更具體的情節描述困在自己的世界裡不願動彈的人，寧願每天懊悔生活也懶得做出改變，而告五人希望用溫柔的語氣、強烈的節奏敲醒大家張開耳朵張大雙眼，一起迎接新世界！歌曲內容用更具體的情節描述。'),
(11, 1, '運氣來得若有似無', '2020-12-11', 'album11.png', '【運氣來得若有似無】是雲安描述犬青兼顧課業與演出工作的生活，與實踐大學的大直生活圈浮世繪。他們總說自己有運氣加持，也有不愧對運氣的努力。作為專輯的轉折，編曲從原本的樂團版減法成清湯掛麵的不插電，反而顯得清朗，帶有釋懷的況味。'),
(12, 2, '電火王', '2018-08-22', 'album22.png', '《電火王》是美秀集團的第一張專輯，集結了美秀成軍兩年來的精華，開場《Intro》以自製樂器solo，宣告電火王隔空出世，緊接的主打歌《電火王》則道出本專輯最核心的maker精神。專輯前六首曲目皆為台語創作，透過不同面向還原美秀心中對自身文化的想像。'),
(13, 2, '我要你愛', '2019-08-23', 'album23.png', '愛是恆久忍耐，又有恩慈；愛是不嫉妒；愛是不自誇不張狂，不做害羞的事⋯⋯又或許，你想跟我做害羞的事？美秀集團，總是嬉皮笑臉地投出一顆顆探討情慾的快速直球；總是讓你輕易地擁有，卻永遠猜不透；總是拿著七彩的巨棒深情挑逗，讓你五感飽受誘惑。'),
(14, 2, '殭屍王', '2020-12-18', 'album24.png', '我向上升 往下墜總是拿著七彩的巨棒深情挑逗，讓你五感飽受誘惑。但自始至終，他們就只是不停地在青春中困惑，到底什麼是愛？你真的愛我嗎？你口中的愛，就是我想得到的愛嗎？\r\n\r\n各位鄉親 我們不動 在一樓 相遇的時候我走得不磊落是人就會臭 告訴自己沒有錯想死還不想活各位鄉親上路囉'),
(15, 2, '馬克吐溫', '2021-01-24', 'album25.png', '語言開始失靈，成為機智者展現幽默的工具，機智如馬克吐溫，甚至有行星以他命名，但他萬萬也想不到，經過了幾個世代的言不及義，有一天自己的名字，會成為一位母親，沒辦法對自己的孩子說出的那句，我愛你。'),
(16, 3, '行星', '2018-07-31', 'album31.png', '用全部的靈魂注目著不屬於自己的光芒，卻也不願意再次回到黑暗宇宙中，等待一個無法預知的未來……。有時孤獨的喜歡像一條命定的軌道，我們像行星一般安靜兜著圈，繞著一顆自顧自發著光的恆星。'),
(17, 3, '不是因為天氣晴朗才愛你', '2018-08-06', 'album32.png', '與你相遇在那麼晴朗的天氣，城市、陽光、你的笑容、我的掌心，一切都溫暖的很自然。但幸福的這一刻只想要你知道，\r\n即便遇見了下著雨的壞天氣，也會用全部的心，愛你。不是因為天氣晴朗才愛你。'),
(18, 3, '獨角仙的夢 ', '2018-08-13', 'album33.png', '在每天都散步的公園，某天偶然看見了一隻獨角仙。牠緩緩地、努力地從柏油路面爬向一片小小的草地。原本想幫助牠移動，以免被腳踏車或其他人碾碎，卻被牠堅持拒絕了，一支角對我晃呀晃好像告訴我牠自己知道牠要去哪裡，而且牠自己會走到的。'),
(19, 3, '夏夜煙火', '2018-12-20', 'album34.png', '直到現在，我還記得那個夏天的我們。太年輕也太短暫的愛情，\r\n像煙火那樣，義無反顧地盛放在夏夜空，燃燒殆盡後卻什麼也不剩。\r\n那晚你面無表情地說，我們都該向前走了。從此，我的世界再也找不到你的下落了。'),
(20, 3, 'Dear Star', '2019-09-28', 'album35.png', '星兒，他們像是一群來自遙遠星球的孩子們。也許他們對這世界有著不一般的思考邏輯，但卻和所有人一樣，會快樂、會悲傷、會因為不被理解而孤獨、當然也會因為被擁抱而感到溫暖。理想混蛋 x 2019 星星之火點亮希望合作單曲【Dear Star】讓我們一起走進星兒的世界。\r\n\r\n'),
(21, 3, '滯留鋒', '2020-03-13', 'album36.png', '理想混蛋 Bestards《滯留鋒》生命裡總有那樣一場綿長的雨季我們都拾著一顆溼透的心，在傷痛中練習勇敢。3/13 全球數位同步上架 陪伴你直到陽光灑落。網封「地科系天團」　理想混蛋再用氣象名詞「滯留鋒」命名新曲\r\n用一首歌讓歌迷經歷雨天到晴天的變化。'),
(22, 3, '天真世界的叛徒 ', '2020-04-17', 'album37.png', '小時候，每個人都嚮往著長大成人、期待著成熟茁壯；長大後，我們才知大人世界的世故和醜陋。在現實的衝撞裡，逐漸學會背叛內心的對錯、隱藏真實的喜怒哀樂，成為一名「天真世界的叛徒」。'),
(23, 3, '絕地花園', '2020-05-08', 'album38.png', '「任誰的心底深處都有著無法抹平的缺憾，\r\n但請不要害怕面對自己。當我們鼓起勇氣接受那些不完美，傷口也能開出最美的玫瑰……「任誰的心底深處都有著無法抹平的缺憾，但請不要害怕面對自己。當我們鼓起勇氣接受那些不完美，傷口也能開出最美的玫瑰……」'),
(24, 3, '愚者 ', '2020-05-20', 'album39.png', '揹起你的理想，像混蛋一樣橫衝直撞吧！\r\n傻裡傻氣的四個大男孩，用音樂寫下最真摯、最勇敢的冒險故事！超新星創作樂團 理想混蛋 首張專輯《愚者》\r\n05/20 冒險啟航。愚者（The Fool）──塔羅牌中編號為0的一張特殊卡牌，代表了「開始」、「新的看法」、「無拘無束而自由自在」。'),
(25, 3, '再一次就好 - 遊戲《記憶的怪物－命運的抉擇－》宣傳曲', '2020-10-27', 'album30.png', '東立出版社暢銷破萬冊、曾獲得第8屆金漫獎肯定之台灣原創BL漫畫作品《記憶的怪物》，於今年遊戲化，於年底推出同名遊戲《記憶的怪物─命運的抉擇─》。東立出版社特邀理想混蛋為遊戲量身打造宣傳曲〈再一次就好〉。'),
(26, 3, '平衡木 ', '2021-01-01', 'album311.png', '我們都曾體會過，那些溫度恰好的片刻。第一次，看著他的笑容，像初夏的陽光把你的臉頰曬得通紅；聽著他的聲音，在電話另一頭陪伴著，一起望著窗外被星光點亮、逐漸入睡的城市。曖昧的遊戲，總讓人無法不著迷。患得患失的、酸酸甜甜的。\r\n'),
(27, 3, '我要用黑魔法把你變成一隻魚', '2021-01-27', 'album312.png', '「如果他是魚而我是空氣就好了……。」我就可以成為他看似不必須卻不可或缺的存在，偷偷地滲透在水裡，不留痕跡地擁抱著他。那，就用黑魔法把他變成一隻魚好了！理想混蛋2021年首發最新單曲〈我要用黑魔法把你變成一隻魚〉在粉絲之間也早已是敲碗成一片、期待度破表！');

-- --------------------------------------------------------

--
-- 資料表結構 `bandinfo`
--

CREATE TABLE `bandinfo` (
  `bandId` int(11) NOT NULL,
  `bandName` varchar(40) NOT NULL,
  `bandContent` varchar(4000) NOT NULL,
  `bandFile` varchar(30) NOT NULL
) ENGINE=InnoDB DEFAULT CHARSET=utf8;

--
-- 傾印資料表的資料 `bandinfo`
--

INSERT INTO `bandinfo` (`bandId`, `bandName`, `bandContent`, `bandFile`) VALUES
(1, '告五人', '告五人，台灣樂團，目前團員為男主唱兼木吉他手潘雲安、女主唱犬青及鼓手哲謙。不設限曲風的音樂風格，展現告五人多元的音樂面向，作品類型涵蓋Folk Rock、Pop Rock、Synth pop、Dance Pop、Ballad、Electro。', 'band1.png'),
(2, '美秀樂團', '美秀集團是台灣嘉義的獨立樂團，曲風特色是帶有復古台味的搖滾和民謠，樂團採用自製樂器進行演出。該樂團自2016年5月開始對外活動，目前成員共五人，由主唱兼吉他手狗柏、吉他手修齊、鍵盤手冠佑、鼓手鍾錡以及貝斯手婷文組成。 ', 'band2.png'),
(3, '理想混蛋', '理想混蛋來自台北。 主唱雞丁、吉他阿哲和建廷是醫院的預備役，將分別成為醫師與藥師；算上「病人擔當」的鼓手可沛，四人組成了這支剛步入獨立音樂圈一年的新人樂團，用不插電民謠凸顯最原始的情感表現。 2018 年3 月21 日他們把第一首作品〈行星〉上傳至街聲，到現在，播放次數已經超過了80 萬。', 'band3.png'),
(4, '佛跳牆', '佛跳牆，台灣樂團，自2011年成軍，由主唱阿妮、鼓手千千、鍵盤手牙牙、吉他手宣銘、吉他手陳君豪、貝斯手奧迪，六位音樂好友集結而成。', 'band4.png'),
(5, '落日飛車', '落日飛車成立於2009 年，團員包括國國（主唱/吉他）、弘禮（BASS）、小干（合成器）、鳥人（節奏樂器、電子鼓）、浩庭（Saxophones）與尊龍（鼓手）。團名取自Apple電腦中Photo Booth特效「Rollercoaster」，背景後剛好擁有一個夕陽，這樣的視覺組合在團長國國眼中：「很帥。」而飛車又如何定義自己的曲風？「我真的不知道飛車的曲風為何，有人會說『懷孕搖滾』，而我們是說『新浪漫』，但整體就是『軟性搖滾』。」國國解釋著，並開始介紹新專輯的創作理念。', 'band5.png'),
(6, '東京中央線', '東京中央線是我們樂隊的名稱，我們是一隊樂器演奏的樂隊， 由吉他手大竹研（Ken Ohtake）、貝斯手早川徹（Toru Hayakawa）和鼓手福島紀明(Noriaki Fukushima) 組成。 樂隊名稱來自貫穿東京市的鐵路系統，被稱為中央線。', 'band6.png'),
(7, '大地之歌', '成立於 2016 年，由台灣吉他音樂人欽聖（King Sing）邀請了 José（荷西）來台，持續推動族際音樂，透過兩人對於西班牙與台灣傳統音樂的交互研究學習，分享心得，投入音樂作曲能量。2017 年陸續邀請台灣笛樂演奏家-江碩齡、畢業於比利時布魯塞爾皇家音樂學院低音大提琴家-  謝宗翰加入，成為新爵士四重奏樂團。專輯中邀請各國優秀的現代音樂家、原民音樂家一同透過音樂對話，融合許多語言如：河洛語、西班牙語、居爾特族語、阿美族語、噶瑪蘭族語、排灣族語、賽德克族語、梵語、英語等，經由合奏、觀摩、交流，將「族際音樂」的精神發揮到極致。', 'band7.png'),
(8, 'Theseus忒修斯', '樂團Theseus忒修斯成立於2015年，成軍4年多獲得不少肯定：2018年入選為KKBOX未來風雲之星，去年替政大金旋獎製作主題曲〈凌星凝望〉，也獲得2019年獨立新樂團評比「The Next Big Thing大團誕生」年度四強等獎項', 'band8.png'),
(9, '麋先生', '2011年9月發行一張全創作EP[然後,我們懂了]的雙人組合子安聖皓，在經過發片後將近一年的磨練，更加顯現其風格之獨特性。並於去年秋天和幾位獨立創作樂團的好友以諾、小B、逸凡共組了一個樂團名為【麋先生(Mixer)】。而五位團員恰巧均來自南台灣，除鼓手外都在大學就讀中。從團名就可見此新生代樂團所展現的風格樣貌和企圖心! \r\n~團員簡介~ \r\n子安 音樂主將 作曲/編曲/木吉他/演唱 \r\n聖皓 團之主唱 詞曲創作/演唱 \r\n以諾 BASS手 作詞/Bass演奏/合聲 \r\n小B 電吉他手 詞曲創作/電吉他演奏 \r\n逸凡 鼓手 爵士鼓與手鼓等', 'band9.png');

-- --------------------------------------------------------

--
-- 資料表結構 `cart`
--

CREATE TABLE `cart` (
  `cartId` int(11) NOT NULL,
  `userId` int(11) NOT NULL,
  `couponId` int(11) DEFAULT NULL
) ENGINE=InnoDB DEFAULT CHARSET=utf8;

--
-- 傾印資料表的資料 `cart`
--

INSERT INTO `cart` (`cartId`, `userId`, `couponId`) VALUES
(17, 42, NULL);

-- --------------------------------------------------------

--
-- 資料表結構 `cartdetails`
--

CREATE TABLE `cartdetails` (
  `cartDetailsId` int(11) NOT NULL,
  `cartId` int(11) NOT NULL,
  `activityId` int(11) NOT NULL,
  `activityDetailId` int(11) NOT NULL,
  `categoryId` int(11) NOT NULL,
  `quantity` int(11) DEFAULT NULL
) ENGINE=InnoDB DEFAULT CHARSET=utf8;

-- --------------------------------------------------------

--
-- 資料表結構 `companyinfo`
--

CREATE TABLE `companyinfo` (
  `companyId` int(11) NOT NULL,
  `companyName` varchar(30) NOT NULL,
  `companyAccount` varchar(15) NOT NULL,
  `companyPassword` varchar(15) NOT NULL,
  `companyEmail` varchar(30) NOT NULL,
  `companyTaxNo` varchar(8) NOT NULL,
  `companyPhone` varchar(11) DEFAULT NULL,
  `areaId` varchar(3) DEFAULT NULL,
  `companyAddress` varchar(60) DEFAULT NULL,
  `companyFile` varchar(30) NOT NULL DEFAULT 'presetCompany.png',
  `companyDis` int(11) DEFAULT NULL
) ENGINE=InnoDB DEFAULT CHARSET=utf8;

--
-- 傾印資料表的資料 `companyinfo`
--

INSERT INTO `companyinfo` (`companyId`, `companyName`, `companyAccount`, `companyPassword`, `companyEmail`, `companyTaxNo`, `companyPhone`, `areaId`, `companyAddress`, `companyFile`, `companyDis`) VALUES
(1, '高雄流行音樂中心', 'fhjkur178283', 'djisjie2873', 'info@kpmc.com.tw', '25257894', '07-5218016', '1', '真愛路1號', 'company1.jpg', 2),
(2, '游牧森林音樂祭團隊', 'djiej28734', 'lojehd38374', 'hcwoonline@gmail.com', '30668547', '03-545-6696', '7', '北大路150號2樓', 'company2.jpg', 2),
(3, '朝森國際有限公司', 'book38475', 'catjdi3847', 'forest@gmail.com', '29857481', '', NULL, '', 'company3.jpg', 1),
(5, '覺醒藝術', 'new5520', 'new5520', 'sandy6513a@yahoo.com.tw', '52016412', '04-25879615', '2', '中山路855號', 'wakeUpArts.png', 5),
(6, 'MUMU', 'admin', 'qwe12345', 'mumufortest01@gmail.com', '12345678', NULL, NULL, NULL, 'presetCompany.png', NULL),
(41, '角頭音樂', 'angle2837', 'angle28375', 'mumufortest01@gmail.com', '52789452', '04-28657892', '19', '市政北二路238號', '20210514-角頭.jpg', 8);

-- --------------------------------------------------------

--
-- 資料表結構 `coupon`
--

CREATE TABLE `coupon` (
  `couponId` int(11) NOT NULL,
  `couponName` varchar(20) NOT NULL,
  `discount` int(11) NOT NULL
) ENGINE=InnoDB DEFAULT CHARSET=utf8;

--
-- 傾印資料表的資料 `coupon`
--

INSERT INTO `coupon` (`couponId`, `couponName`, `discount`) VALUES
(1, 'mumu1stAnniversary', 300),
(2, '520lovemumu', 520);

-- --------------------------------------------------------

--
-- 資料表結構 `district`
--

CREATE TABLE `district` (
  `districtId` int(11) NOT NULL,
  `city` varchar(15) NOT NULL
) ENGINE=InnoDB DEFAULT CHARSET=utf8;

--
-- 傾印資料表的資料 `district`
--

INSERT INTO `district` (`districtId`, `city`) VALUES
(1, '基隆市'),
(2, '台北市'),
(3, '新北市'),
(4, '桃園縣'),
(5, '新竹市'),
(6, '新竹縣'),
(7, '苗栗縣'),
(8, '台中市'),
(9, '彰化縣'),
(10, '南投縣'),
(11, '雲林縣'),
(12, '嘉義市'),
(13, '嘉義縣'),
(14, '台南市'),
(15, '高雄市');

-- --------------------------------------------------------

--
-- 資料表結構 `orderdetails`
--

CREATE TABLE `orderdetails` (
  `orderDetailsId` int(11) NOT NULL,
  `orderId` int(11) NOT NULL,
  `activityId` int(11) NOT NULL,
  `activityDetailId` int(11) NOT NULL,
  `categoryId` int(11) NOT NULL,
  `quantity` int(11) NOT NULL
) ENGINE=InnoDB DEFAULT CHARSET=utf8;

--
-- 傾印資料表的資料 `orderdetails`
--

INSERT INTO `orderdetails` (`orderDetailsId`, `orderId`, `activityId`, `activityDetailId`, `categoryId`, `quantity`) VALUES
(1, 200727183, 12, 23, 1, 2),
(2, 210506572, 5, 9, 1, 1),
(3, 210506572, 4, 7, 1, 1),
(4, 210506847, 9, 18, 2, 200),
(6, 210506847, 6, 13, 1, 1),
(7, 210509287, 6, 13, 1, 1),
(8, 210509287, 6, 13, 2, 0),
(9, 210509287, 8, 16, 2, 300),
(10, 210509429, 9, 18, 1, 20),
(13, 210509566, 7, 13, 1, 1),
(14, 210509566, 7, 13, 2, 2),
(16, 210509718, 8, 15, 2, 400),
(17, 210509718, 7, 13, 1, 1),
(18, 210509718, 7, 13, 2, 1),
(19, 210509809, 9, 17, 2, 100),
(20, 210509737, 8, 15, 1, 1),
(21, 210509737, 8, 15, 2, 1),
(22, 210509737, 10, 19, 2, 300),
(23, 210509805, 11, 21, 1, 1),
(24, 210509805, 11, 21, 2, 0),
(25, 210510314, 11, 22, 2, 1),
(26, 210511691, 11, 21, 2, 3),
(27, 210511290, 11, 22, 1, 1),
(28, 210511290, 10, 20, 1, 300),
(29, 210511290, 10, 20, 2, 1),
(30, 210511613, 9, 17, 2, 1),
(31, 210511613, 10, 19, 1, 1),
(32, 210511613, 10, 19, 2, 1),
(33, 210511277, 10, 20, 2, 1),
(34, 210514272, 10, 20, 2, 1),
(35, 210514892, 10, 20, 1, 1),
(36, 210514892, 10, 20, 2, 1),
(38, 210514492, 10, 20, 2, 1),
(39, 210514211, 10, 19, 2, 1);

-- --------------------------------------------------------

--
-- 資料表結構 `orders`
--

CREATE TABLE `orders` (
  `orderId` int(11) NOT NULL,
  `userId` int(11) NOT NULL,
  `orderDate` timestamp NOT NULL DEFAULT current_timestamp(),
  `ticketPickupId` int(11) NOT NULL,
  `couponId` int(11) DEFAULT NULL,
  `card1` varchar(4) NOT NULL,
  `card2` varchar(4) NOT NULL,
  `card3` varchar(4) NOT NULL,
  `card4` varchar(4) NOT NULL,
  `month` int(11) NOT NULL,
  `year` int(11) NOT NULL
) ENGINE=InnoDB DEFAULT CHARSET=utf8;

--
-- 傾印資料表的資料 `orders`
--

INSERT INTO `orders` (`orderId`, `userId`, `orderDate`, `ticketPickupId`, `couponId`, `card1`, `card2`, `card3`, `card4`, `month`, `year`) VALUES
(200727183, 1, '2020-07-27 14:49:15', 1, 2, '5520', '2541', '0547', '0287', 7, 2021),
(210506302, 5, '2021-05-06 14:41:23', 2, 2, '1235', '5046', '2547', '4545', 10, 2024),
(210506572, 5, '2021-05-06 14:25:13', 1, 2, '1235', '1258', '6578', '4545', 9, 2022),
(210509287, 2, '2021-05-09 07:56:56', 1, NULL, '3862', '5784', '5472', '5871', 7, 2027),
(210509429, 2, '2021-05-09 07:58:50', 1, NULL, '3861', '5278', '6978', '8524', 5, 2024),
(210509566, 5, '2021-05-09 09:42:56', 1, NULL, '5520', '2541', '2547', '5687', 9, 2023),
(210509718, 2, '2021-05-09 09:46:58', 1, 2, '5520', '2002', '6578', '0287', 7, 2022),
(210509737, 2, '2021-05-09 10:07:13', 1, NULL, '6879', '1258', '2547', '0287', 9, 2022),
(210509805, 2, '2021-05-09 10:21:03', 1, 2, '6879', '2002', '0547', '4545', 9, 2022),
(210509809, 2, '2021-05-09 10:06:16', 1, NULL, '1235', '2541', '0547', '4545', 10, 2022),
(210510314, 1, '2021-05-10 03:36:47', 1, 2, '5885', '1258', '1258', '2587', 9, 2022),
(210511277, 1, '2021-05-11 09:08:38', 1, 2, '1257', '5248', '2587', '2579', 9, 2028),
(210511290, 1, '2021-05-11 06:48:34', 2, 2, '2575', '2598', '0528', '1477', 6, 2026),
(210511613, 2, '2021-05-11 07:57:35', 2, 2, '5689', '5235', '2578', '1257', 6, 2023),
(210511691, 2, '2021-05-11 05:38:27', 2, 2, '6957', '5203', '5878', '2587', 8, 2024),
(210514211, 1, '2021-05-14 05:49:04', 1, 2, '2578', '5257', '2025', '8545', 10, 2022),
(210514272, 2, '2021-05-14 01:52:45', 2, 2, '1258', '2579', '2564', '2587', 7, 2023),
(210514492, 1, '2021-05-14 03:21:21', 1, 2, '2587', '1578', '5245', '7896', 9, 2027),
(210514892, 2, '2021-05-14 02:31:57', 1, 2, '2578', '8545', '7894', '8547', 10, 2023);

-- --------------------------------------------------------

--
-- 資料表結構 `ticketpickup`
--

CREATE TABLE `ticketpickup` (
  `ticketpickupId` int(11) NOT NULL,
  `method` varchar(20) NOT NULL
) ENGINE=InnoDB DEFAULT CHARSET=utf8;

--
-- 傾印資料表的資料 `ticketpickup`
--

INSERT INTO `ticketpickup` (`ticketpickupId`, `method`) VALUES
(1, '電子取票'),
(2, '超商取票');

-- --------------------------------------------------------

--
-- 資料表結構 `useractivity`
--

CREATE TABLE `useractivity` (
  `userActivityId` int(11) NOT NULL,
  `userId` int(11) NOT NULL,
  `activityId` int(11) NOT NULL
) ENGINE=InnoDB DEFAULT CHARSET=utf8;

--
-- 傾印資料表的資料 `useractivity`
--

INSERT INTO `useractivity` (`userActivityId`, `userId`, `activityId`) VALUES
(2, 2, 3),
(3, 3, 4),
(4, 3, 10),
(5, 3, 5),
(6, 3, 2),
(8, 4, 8),
(9, 4, 2);

-- --------------------------------------------------------

--
-- 資料表結構 `userband`
--

CREATE TABLE `userband` (
  `userBandId` int(11) NOT NULL,
  `userId` int(11) NOT NULL,
  `bandId` int(11) NOT NULL
) ENGINE=InnoDB DEFAULT CHARSET=utf8;

--
-- 傾印資料表的資料 `userband`
--

INSERT INTO `userband` (`userBandId`, `userId`, `bandId`) VALUES
(4, 3, 5),
(5, 3, 1),
(15, 1, 3),
(16, 1, 5),
(17, 12, 2),
(21, 3, 3),
(22, 1, 1),
(28, 1, 9),
(31, 1, 4);

-- --------------------------------------------------------

--
-- 資料表結構 `userinfo`
--

CREATE TABLE `userinfo` (
  `userId` int(11) NOT NULL,
  `firstName` varchar(20) NOT NULL,
  `userAccount` varchar(15) NOT NULL,
  `userPassword` varchar(15) NOT NULL,
  `userPhone` varchar(11) DEFAULT NULL,
  `userEmail` varchar(30) NOT NULL,
  `userFile` varchar(100) DEFAULT 'presetUser.png',
  `userArea` int(11) DEFAULT NULL,
  `userDis` int(11) DEFAULT NULL,
  `userBirth` date DEFAULT NULL,
  `userAdd` varchar(50) DEFAULT NULL
) ENGINE=InnoDB DEFAULT CHARSET=utf8;

--
-- 傾印資料表的資料 `userinfo`
--

INSERT INTO `userinfo` (`userId`, `firstName`, `userAccount`, `userPassword`, `userPhone`, `userEmail`, `userFile`, `userArea`, `userDis`, `userBirth`, `userAdd`) VALUES
(1, '江瑜君', 'clock520', 'aaa520', ' 0953-96252', 'amy5842@yahoo.com.tw', 'user1.jpg', 13, 8, '2010-02-28', '市府路85號'),
(2, '連淑華', 'qwe456', 'tyhj456', '0982-976582', 'qwe456@gmail.com', 'user2.jpg', 8, 2, '1990-12-24', '崇禮街699巷765號86樓'),
(3, '邱雅馨', 'ghj789', 'bnryy89', '0963-835616', 'ghj789@gmail.com', 'user3.jpg', 2, 2, '1985-06-17', '富漁五路七段371巷249弄413號'),
(4, '楊柏儀', 'vbn576', 'hkwgd75', '0958-185377', 'vbn576@gmail.com', 'user4.jpg', 13, 8, '1993-08-09', '寶強路八段450巷223弄288號44樓'),
(5, '郭奕君', 'udc376', 't3hbs4b', '0933-376548', 'udc376@gmail.com', 'user5.jpg', 16, 8, '1990-04-05', '濟南街九段585號'),
(42, '周曉萍', 'joyce51423', 'joyce51423', '0987-587965', 'joyce51423@yahoo.com.tw', 'presetUser.png', 18, 8, '2007-02-21', '文心路一段255號');

--
-- 已傾印資料表的索引
--

--
-- 資料表索引 `activityband`
--
ALTER TABLE `activityband`
  ADD PRIMARY KEY (`activityBandId`);

--
-- 資料表索引 `activitydetails`
--
ALTER TABLE `activitydetails`
  ADD PRIMARY KEY (`activityDetailId`);

--
-- 資料表索引 `activityinfo`
--
ALTER TABLE `activityinfo`
  ADD PRIMARY KEY (`activityId`);

--
-- 資料表索引 `activityprice`
--
ALTER TABLE `activityprice`
  ADD PRIMARY KEY (`activityPriceId`);

--
-- 資料表索引 `activityticketcategory`
--
ALTER TABLE `activityticketcategory`
  ADD PRIMARY KEY (`categoryId`);

--
-- 資料表索引 `area`
--
ALTER TABLE `area`
  ADD PRIMARY KEY (`areaId`);

--
-- 資料表索引 `articlecomment`
--
ALTER TABLE `articlecomment`
  ADD PRIMARY KEY (`articleCommentId`);

--
-- 資料表索引 `articleinfo`
--
ALTER TABLE `articleinfo`
  ADD PRIMARY KEY (`articleId`);

--
-- 資料表索引 `articlephoto`
--
ALTER TABLE `articlephoto`
  ADD PRIMARY KEY (`articlePhotoID`);

--
-- 資料表索引 `bandalbum`
--
ALTER TABLE `bandalbum`
  ADD PRIMARY KEY (`albumId`);

--
-- 資料表索引 `bandinfo`
--
ALTER TABLE `bandinfo`
  ADD PRIMARY KEY (`bandId`);

--
-- 資料表索引 `cart`
--
ALTER TABLE `cart`
  ADD PRIMARY KEY (`cartId`),
  ADD UNIQUE KEY `userId` (`userId`);

--
-- 資料表索引 `cartdetails`
--
ALTER TABLE `cartdetails`
  ADD PRIMARY KEY (`cartDetailsId`);

--
-- 資料表索引 `companyinfo`
--
ALTER TABLE `companyinfo`
  ADD PRIMARY KEY (`companyId`);

--
-- 資料表索引 `coupon`
--
ALTER TABLE `coupon`
  ADD PRIMARY KEY (`couponId`);

--
-- 資料表索引 `district`
--
ALTER TABLE `district`
  ADD PRIMARY KEY (`districtId`);

--
-- 資料表索引 `orderdetails`
--
ALTER TABLE `orderdetails`
  ADD PRIMARY KEY (`orderDetailsId`);

--
-- 資料表索引 `orders`
--
ALTER TABLE `orders`
  ADD PRIMARY KEY (`orderId`);

--
-- 資料表索引 `ticketpickup`
--
ALTER TABLE `ticketpickup`
  ADD PRIMARY KEY (`ticketpickupId`);

--
-- 資料表索引 `useractivity`
--
ALTER TABLE `useractivity`
  ADD PRIMARY KEY (`userActivityId`);

--
-- 資料表索引 `userband`
--
ALTER TABLE `userband`
  ADD PRIMARY KEY (`userBandId`);

--
-- 資料表索引 `userinfo`
--
ALTER TABLE `userinfo`
  ADD PRIMARY KEY (`userId`),
  ADD UNIQUE KEY `userAccount` (`userAccount`),
  ADD UNIQUE KEY `userEmail` (`userEmail`),
  ADD UNIQUE KEY `userPhone` (`userPhone`);

--
-- 在傾印的資料表使用自動遞增(AUTO_INCREMENT)
--

--
-- 使用資料表自動遞增(AUTO_INCREMENT) `activityband`
--
ALTER TABLE `activityband`
  MODIFY `activityBandId` int(11) NOT NULL AUTO_INCREMENT, AUTO_INCREMENT=103;

--
-- 使用資料表自動遞增(AUTO_INCREMENT) `activitydetails`
--
ALTER TABLE `activitydetails`
  MODIFY `activityDetailId` int(11) NOT NULL AUTO_INCREMENT, AUTO_INCREMENT=45;

--
-- 使用資料表自動遞增(AUTO_INCREMENT) `activityinfo`
--
ALTER TABLE `activityinfo`
  MODIFY `activityId` int(11) NOT NULL AUTO_INCREMENT, AUTO_INCREMENT=26;

--
-- 使用資料表自動遞增(AUTO_INCREMENT) `activityprice`
--
ALTER TABLE `activityprice`
  MODIFY `activityPriceId` int(11) NOT NULL AUTO_INCREMENT, AUTO_INCREMENT=43;

--
-- 使用資料表自動遞增(AUTO_INCREMENT) `activityticketcategory`
--
ALTER TABLE `activityticketcategory`
  MODIFY `categoryId` int(11) NOT NULL AUTO_INCREMENT, AUTO_INCREMENT=3;

--
-- 使用資料表自動遞增(AUTO_INCREMENT) `articlecomment`
--
ALTER TABLE `articlecomment`
  MODIFY `articleCommentId` int(11) NOT NULL AUTO_INCREMENT, AUTO_INCREMENT=45;

--
-- 使用資料表自動遞增(AUTO_INCREMENT) `articleinfo`
--
ALTER TABLE `articleinfo`
  MODIFY `articleId` int(11) NOT NULL AUTO_INCREMENT, AUTO_INCREMENT=60;

--
-- 使用資料表自動遞增(AUTO_INCREMENT) `articlephoto`
--
ALTER TABLE `articlephoto`
  MODIFY `articlePhotoID` int(11) NOT NULL AUTO_INCREMENT;

--
-- 使用資料表自動遞增(AUTO_INCREMENT) `bandalbum`
--
ALTER TABLE `bandalbum`
  MODIFY `albumId` int(11) NOT NULL AUTO_INCREMENT, AUTO_INCREMENT=28;

--
-- 使用資料表自動遞增(AUTO_INCREMENT) `bandinfo`
--
ALTER TABLE `bandinfo`
  MODIFY `bandId` int(11) NOT NULL AUTO_INCREMENT, AUTO_INCREMENT=10;

--
-- 使用資料表自動遞增(AUTO_INCREMENT) `cart`
--
ALTER TABLE `cart`
  MODIFY `cartId` int(11) NOT NULL AUTO_INCREMENT, AUTO_INCREMENT=30;

--
-- 使用資料表自動遞增(AUTO_INCREMENT) `cartdetails`
--
ALTER TABLE `cartdetails`
  MODIFY `cartDetailsId` int(11) NOT NULL AUTO_INCREMENT, AUTO_INCREMENT=57;

--
-- 使用資料表自動遞增(AUTO_INCREMENT) `companyinfo`
--
ALTER TABLE `companyinfo`
  MODIFY `companyId` int(11) NOT NULL AUTO_INCREMENT, AUTO_INCREMENT=42;

--
-- 使用資料表自動遞增(AUTO_INCREMENT) `coupon`
--
ALTER TABLE `coupon`
  MODIFY `couponId` int(11) NOT NULL AUTO_INCREMENT, AUTO_INCREMENT=4;

--
-- 使用資料表自動遞增(AUTO_INCREMENT) `district`
--
ALTER TABLE `district`
  MODIFY `districtId` int(11) NOT NULL AUTO_INCREMENT, AUTO_INCREMENT=18;

--
-- 使用資料表自動遞增(AUTO_INCREMENT) `orderdetails`
--
ALTER TABLE `orderdetails`
  MODIFY `orderDetailsId` int(11) NOT NULL AUTO_INCREMENT, AUTO_INCREMENT=40;

--
-- 使用資料表自動遞增(AUTO_INCREMENT) `ticketpickup`
--
ALTER TABLE `ticketpickup`
  MODIFY `ticketpickupId` int(11) NOT NULL AUTO_INCREMENT, AUTO_INCREMENT=3;

--
-- 使用資料表自動遞增(AUTO_INCREMENT) `useractivity`
--
ALTER TABLE `useractivity`
  MODIFY `userActivityId` int(11) NOT NULL AUTO_INCREMENT, AUTO_INCREMENT=33;

--
-- 使用資料表自動遞增(AUTO_INCREMENT) `userband`
--
ALTER TABLE `userband`
  MODIFY `userBandId` int(11) NOT NULL AUTO_INCREMENT, AUTO_INCREMENT=32;

--
-- 使用資料表自動遞增(AUTO_INCREMENT) `userinfo`
--
ALTER TABLE `userinfo`
  MODIFY `userId` int(11) NOT NULL AUTO_INCREMENT, AUTO_INCREMENT=43;
COMMIT;

/*!40101 SET CHARACTER_SET_CLIENT=@OLD_CHARACTER_SET_CLIENT */;
/*!40101 SET CHARACTER_SET_RESULTS=@OLD_CHARACTER_SET_RESULTS */;
/*!40101 SET COLLATION_CONNECTION=@OLD_COLLATION_CONNECTION */;
